<?xml version="1.0" encoding="UTF-8"?>
<project-private xmlns="http://www.netbeans.org/ns/project-private/1">
    <editor-bookmarks xmlns="http://www.netbeans.org/ns/editor-bookmarks/2" lastBookmarkId="0"/>
    <open-files xmlns="http://www.netbeans.org/ns/projectui-open-files/2">
        <group>
            <file>file:/C:/Users/jasve/Desktop/Final%20project/SampleProject/WebApplication2/src/java/pack/GenericResource.java</file>
            <file>file:/C:/Users/jasve/Desktop/Final%20project/SampleProject/WebApplication2/src/java/pack/CheckUser.java</file>
            <file>file:/C:/Users/jasve/Desktop/Final%20project/SampleProject/WebApplication2/web/index.html</file>
        </group>
    </open-files>
</project-private>
